id,label,image_path
0,image,val2017/000000000785.jpg
1,image,val2017/000000000802.jpg
2,image,val2017/000000000872.jpg
3,image,val2017/000000000885.jpg
4,image,val2017/000000001000.jpg
5,image,val2017/000000001268.jpg
6,image,val2017/000000001296.jpg
7,image,val2017/000000001353.jpg
8,image,val2017/000000001425.jpg
9,image,val2017/000000001490.jpg
10,image,val2017/000000001503.jpg
11,image,val2017/000000001532.jpg
12,image,val2017/000000001584.jpg
13,image,val2017/000000001675.jpg
14,image,val2017/000000001761.jpg
15,image,val2017/000000001818.jpg
16,image,val2017/000000001993.jpg
17,image,val2017/000000002006.jpg
18,image,val2017/000000002149.jpg
19,image,val2017/000000002153.jpg
20,image,val2017/000000002157.jpg
21,image,val2017/000000002261.jpg
22,image,val2017/000000002299.jpg
23,image,val2017/000000002431.jpg
24,image,val2017/000000002473.jpg
25,image,val2017/000000002532.jpg
26,image,val2017/000000002587.jpg
27,image,val2017/000000002592.jpg
28,image,val2017/000000002685.jpg
29,image,val2017/000000002923.jpg
30,image,val2017/000000003156.jpg
31,image,val2017/000000003255.jpg
32,image,val2017/000000003501.jpg
33,image,val2017/000000003553.jpg
34,image,val2017/000000003661.jpg
35,image,val2017/000000003845.jpg
36,image,val2017/000000003934.jpg
37,image,val2017/000000004134.jpg
38,image,val2017/000000004395.jpg
39,image,val2017/000000004495.jpg
40,image,val2017/000000004765.jpg
41,image,val2017/000000004795.jpg
42,image,val2017/000000005001.jpg
43,image,val2017/000000005037.jpg
44,image,val2017/000000005060.jpg
45,image,val2017/000000005193.jpg
46,image,val2017/000000005477.jpg
47,image,val2017/000000005503.jpg
48,image,val2017/000000005529.jpg
49,image,val2017/000000005586.jpg
50,image,val2017/000000005600.jpg
51,image,val2017/000000005992.jpg
52,image,val2017/000000006012.jpg
53,image,val2017/000000006040.jpg
54,image,val2017/000000006213.jpg
55,image,val2017/000000006460.jpg
56,image,val2017/000000006471.jpg
57,image,val2017/000000006614.jpg
58,image,val2017/000000006723.jpg
59,image,val2017/000000006763.jpg
60,image,val2017/000000006771.jpg
61,image,val2017/000000006818.jpg
62,image,val2017/000000006894.jpg
63,image,val2017/000000006954.jpg
64,image,val2017/000000007088.jpg
65,image,val2017/000000007108.jpg
66,image,val2017/000000007278.jpg
67,image,val2017/000000007281.jpg
68,image,val2017/000000007386.jpg
69,image,val2017/000000007511.jpg
70,image,val2017/000000007574.jpg
71,image,val2017/000000007784.jpg
72,image,val2017/000000007795.jpg
73,image,val2017/000000007816.jpg
74,image,val2017/000000007818.jpg
75,image,val2017/000000007888.jpg
76,image,val2017/000000007977.jpg
77,image,val2017/000000007991.jpg
78,image,val2017/000000008021.jpg
79,image,val2017/000000008211.jpg
80,image,val2017/000000008277.jpg
81,image,val2017/000000008532.jpg
82,image,val2017/000000008629.jpg
83,image,val2017/000000008690.jpg
84,image,val2017/000000008762.jpg
85,image,val2017/000000008844.jpg
86,image,val2017/000000008899.jpg
87,image,val2017/000000009378.jpg
88,image,val2017/000000009400.jpg
89,image,val2017/000000009448.jpg
90,image,val2017/000000009483.jpg
91,image,val2017/000000009590.jpg
92,image,val2017/000000009769.jpg
93,image,val2017/000000009772.jpg
94,image,val2017/000000009891.jpg
95,image,val2017/000000009914.jpg
96,image,val2017/000000010092.jpg
97,image,val2017/000000010363.jpg
98,image,val2017/000000010583.jpg
99,image,val2017/000000010707.jpg
100,image,val2017/000000010764.jpg
101,image,val2017/000000010977.jpg
102,image,val2017/000000010995.jpg
103,image,val2017/000000011051.jpg
104,image,val2017/000000011122.jpg
105,image,val2017/000000011149.jpg
106,image,val2017/000000011197.jpg
107,image,val2017/000000011511.jpg
108,image,val2017/000000011615.jpg
109,image,val2017/000000011699.jpg
110,image,val2017/000000011760.jpg
111,image,val2017/000000011813.jpg
112,image,val2017/000000012062.jpg
113,image,val2017/000000012120.jpg
114,image,val2017/000000012280.jpg
115,image,val2017/000000012576.jpg
116,image,val2017/000000012639.jpg
117,image,val2017/000000012667.jpg
118,image,val2017/000000012670.jpg
119,image,val2017/000000012748.jpg
120,image,val2017/000000013004.jpg
121,image,val2017/000000013177.jpg
122,image,val2017/000000013201.jpg
123,image,val2017/000000013291.jpg
124,image,val2017/000000013348.jpg
125,image,val2017/000000013546.jpg
126,image,val2017/000000013597.jpg
127,image,val2017/000000013659.jpg
128,image,val2017/000000013729.jpg
129,image,val2017/000000013774.jpg
130,image,val2017/000000013923.jpg
131,image,val2017/000000014007.jpg
132,image,val2017/000000014038.jpg
133,image,val2017/000000014226.jpg
134,image,val2017/000000014380.jpg
135,image,val2017/000000014439.jpg
136,image,val2017/000000014473.jpg
137,image,val2017/000000014831.jpg
138,image,val2017/000000014888.jpg
139,image,val2017/000000015079.jpg
140,image,val2017/000000015254.jpg
141,image,val2017/000000015272.jpg
142,image,val2017/000000015278.jpg
143,image,val2017/000000015335.jpg
144,image,val2017/000000015338.jpg
145,image,val2017/000000015440.jpg
146,image,val2017/000000015497.jpg
147,image,val2017/000000015517.jpg
148,image,val2017/000000015597.jpg
149,image,val2017/000000015660.jpg
150,image,val2017/000000015746.jpg
151,image,val2017/000000015751.jpg
152,image,val2017/000000015956.jpg
153,image,val2017/000000016010.jpg
154,image,val2017/000000016228.jpg
155,image,val2017/000000016249.jpg
156,image,val2017/000000016439.jpg
157,image,val2017/000000016451.jpg
158,image,val2017/000000016502.jpg
159,image,val2017/000000016598.jpg
160,image,val2017/000000016958.jpg
161,image,val2017/000000017029.jpg
162,image,val2017/000000017031.jpg
163,image,val2017/000000017115.jpg
164,image,val2017/000000017178.jpg
165,image,val2017/000000017182.jpg
166,image,val2017/000000017207.jpg
167,image,val2017/000000017379.jpg
168,image,val2017/000000017436.jpg
169,image,val2017/000000017627.jpg
170,image,val2017/000000017714.jpg
171,image,val2017/000000017899.jpg
172,image,val2017/000000017905.jpg
173,image,val2017/000000017959.jpg
174,image,val2017/000000018150.jpg
175,image,val2017/000000018193.jpg
176,image,val2017/000000018380.jpg
177,image,val2017/000000018491.jpg
178,image,val2017/000000018519.jpg
179,image,val2017/000000018575.jpg
180,image,val2017/000000018737.jpg
181,image,val2017/000000018770.jpg
182,image,val2017/000000018833.jpg
183,image,val2017/000000018837.jpg
184,image,val2017/000000019042.jpg
185,image,val2017/000000019109.jpg
186,image,val2017/000000019221.jpg
187,image,val2017/000000019402.jpg
188,image,val2017/000000019432.jpg
189,image,val2017/000000019742.jpg
190,image,val2017/000000019786.jpg
191,image,val2017/000000019924.jpg
192,image,val2017/000000020059.jpg
193,image,val2017/000000020107.jpg
194,image,val2017/000000020247.jpg
195,image,val2017/000000020333.jpg
196,image,val2017/000000020553.jpg
197,image,val2017/000000020571.jpg
198,image,val2017/000000020992.jpg
199,image,val2017/000000021167.jpg
200,image,val2017/000000021465.jpg
201,image,val2017/000000021503.jpg
202,image,val2017/000000021604.jpg
203,image,val2017/000000021839.jpg
204,image,val2017/000000021879.jpg
205,image,val2017/000000021903.jpg
206,image,val2017/000000022192.jpg
207,image,val2017/000000022371.jpg
208,image,val2017/000000022396.jpg
209,image,val2017/000000022479.jpg
210,image,val2017/000000022589.jpg
211,image,val2017/000000022623.jpg
212,image,val2017/000000022705.jpg
213,image,val2017/000000022755.jpg
214,image,val2017/000000022892.jpg
215,image,val2017/000000022935.jpg
216,image,val2017/000000022969.jpg
217,image,val2017/000000023023.jpg
218,image,val2017/000000023034.jpg
219,image,val2017/000000023126.jpg
220,image,val2017/000000023230.jpg
221,image,val2017/000000023272.jpg
222,image,val2017/000000023359.jpg
223,image,val2017/000000023666.jpg
224,image,val2017/000000023751.jpg
225,image,val2017/000000023781.jpg
226,image,val2017/000000023899.jpg
227,image,val2017/000000023937.jpg
228,image,val2017/000000024021.jpg
229,image,val2017/000000024027.jpg
230,image,val2017/000000024144.jpg
231,image,val2017/000000024243.jpg
232,image,val2017/000000024567.jpg
233,image,val2017/000000024610.jpg
234,image,val2017/000000024919.jpg
235,image,val2017/000000025057.jpg
236,image,val2017/000000025096.jpg
237,image,val2017/000000025139.jpg
238,image,val2017/000000025181.jpg
239,image,val2017/000000025228.jpg
240,image,val2017/000000025386.jpg
241,image,val2017/000000025393.jpg
242,image,val2017/000000025394.jpg
243,image,val2017/000000025424.jpg
244,image,val2017/000000025560.jpg
245,image,val2017/000000025593.jpg
246,image,val2017/000000025603.jpg
247,image,val2017/000000025986.jpg
248,image,val2017/000000026204.jpg
249,image,val2017/000000026465.jpg
250,image,val2017/000000026564.jpg
251,image,val2017/000000026690.jpg
252,image,val2017/000000026926.jpg
253,image,val2017/000000026941.jpg
254,image,val2017/000000027186.jpg
255,image,val2017/000000027620.jpg
256,image,val2017/000000027696.jpg
257,image,val2017/000000027768.jpg
258,image,val2017/000000027932.jpg
259,image,val2017/000000027972.jpg
260,image,val2017/000000027982.jpg
261,image,val2017/000000028285.jpg
262,image,val2017/000000028449.jpg
263,image,val2017/000000028452.jpg
264,image,val2017/000000028809.jpg
265,image,val2017/000000028993.jpg
266,image,val2017/000000029187.jpg
267,image,val2017/000000029393.jpg
268,image,val2017/000000029397.jpg
269,image,val2017/000000029596.jpg
270,image,val2017/000000029640.jpg
271,image,val2017/000000029675.jpg
272,image,val2017/000000029984.jpg
273,image,val2017/000000030213.jpg
274,image,val2017/000000030494.jpg
275,image,val2017/000000030504.jpg
276,image,val2017/000000030675.jpg
277,image,val2017/000000030785.jpg
278,image,val2017/000000030828.jpg
279,image,val2017/000000031050.jpg
280,image,val2017/000000031093.jpg
281,image,val2017/000000031118.jpg
282,image,val2017/000000031217.jpg
283,image,val2017/000000031248.jpg
284,image,val2017/000000031269.jpg
285,image,val2017/000000031296.jpg
286,image,val2017/000000558114.jpg
287,image,val2017/000000558213.jpg
288,image,val2017/000000558421.jpg
289,image,val2017/000000558558.jpg
290,image,val2017/000000558854.jpg
291,image,val2017/000000559099.jpg
292,image,val2017/000000559160.jpg
293,image,val2017/000000559348.jpg
294,image,val2017/000000559513.jpg
295,image,val2017/000000559543.jpg
296,image,val2017/000000559547.jpg
297,image,val2017/000000559707.jpg
298,image,val2017/000000559842.jpg
299,image,val2017/000000559956.jpg
300,image,val2017/000000560011.jpg
